week,platform,Notional USD Volume
2024-04-08 00:00:00,Crypto.com,632476
2024-04-08 00:00:00,Kalshi,6745101
2024-04-08 00:00:00,Polymarket,13677032.487705247
2024-04-15 00:00:00,Crypto.com,441389
2024-04-15 00:00:00,Kalshi,7765146
2024-04-15 00:00:00,Polymarket,12420335.770468295
2024-04-22 00:00:00,Crypto.com,517707
2024-04-22 00:00:00,Kalshi,6137716
2024-04-22 00:00:00,Limitless,2503.8708531721195
2024-04-22 00:00:00,Polymarket,12555815.473973405
2024-04-29 00:00:00,Crypto.com,470205
2024-04-29 00:00:00,Kalshi,6870328
2024-04-29 00:00:00,Limitless,5469.688722899924
2024-04-29 00:00:00,Polymarket,21745498.039587904
2024-05-06 00:00:00,Crypto.com,451600
2024-05-06 00:00:00,Kalshi,5567608
2024-05-06 00:00:00,Limitless,5288.7183661385825
2024-05-06 00:00:00,Polymarket,12762658.273258097
2024-05-13 00:00:00,Crypto.com,588462
2024-05-13 00:00:00,Kalshi,9446315
2024-05-13 00:00:00,Limitless,2274.22383103454
2024-05-13 00:00:00,Polymarket,17882890.08687573
2024-05-20 00:00:00,Crypto.com,669261
2024-05-20 00:00:00,Kalshi,6001300
2024-05-20 00:00:00,Limitless,1012.3419445391831
2024-05-20 00:00:00,Polymarket,32897781.741549976
2024-05-27 00:00:00,Crypto.com,545010
2024-05-27 00:00:00,Kalshi,6202782
2024-05-27 00:00:00,Limitless,1780.6020691777865
2024-05-27 00:00:00,Polymarket,34652016.17343802
2024-06-03 00:00:00,Crypto.com,521113
2024-06-03 00:00:00,Kalshi,7061985
2024-06-03 00:00:00,Limitless,32.05134458360496
2024-06-03 00:00:00,Other,254.08618160090447
2024-06-03 00:00:00,Polymarket,37660166.30238297
2024-06-10 00:00:00,Crypto.com,510262
2024-06-10 00:00:00,Kalshi,9048872
2024-06-10 00:00:00,Limitless,1032.3731656994219
2024-06-10 00:00:00,Other,679273.0137536537
2024-06-10 00:00:00,Polymarket,40345603.550452314
2024-06-17 00:00:00,Crypto.com,461042
2024-06-17 00:00:00,Kalshi,5531106
2024-06-17 00:00:00,Limitless,739.197781005912
2024-06-17 00:00:00,Other,1352600.9654178554
2024-06-17 00:00:00,Polymarket,42557204.59761641
2024-06-24 00:00:00,Crypto.com,510886
2024-06-24 00:00:00,Kalshi,7683018
2024-06-24 00:00:00,Limitless,995.3862166760628
2024-06-24 00:00:00,Other,1394218.981311467
2024-06-24 00:00:00,Polymarket,81460075.37423241
2024-07-01 00:00:00,Crypto.com,414842
2024-07-01 00:00:00,Kalshi,6711626
2024-07-01 00:00:00,Limitless,3265.178858520634
2024-07-01 00:00:00,Other,1789531.2597643584
2024-07-01 00:00:00,Polymarket,90056795.85345295
2024-07-08 00:00:00,Crypto.com,433580
2024-07-08 00:00:00,Kalshi,6612971
2024-07-08 00:00:00,Limitless,14713.349345910921
2024-07-08 00:00:00,Other,1381729.0544449391
2024-07-08 00:00:00,Polymarket,85376927.32611571
2024-07-15 00:00:00,Crypto.com,453414
2024-07-15 00:00:00,Kalshi,6176189
2024-07-15 00:00:00,Limitless,11347.343879802578
2024-07-15 00:00:00,Other,636470.7846585033
2024-07-15 00:00:00,Polymarket,199901580.1187507
2024-07-22 00:00:00,Crypto.com,427280
2024-07-22 00:00:00,Kalshi,6061251
2024-07-22 00:00:00,Limitless,22345.58846266931
2024-07-22 00:00:00,Other,837261.4918236857
2024-07-22 00:00:00,Polymarket,290626968.092454
2024-07-29 00:00:00,Crypto.com,517353
2024-07-29 00:00:00,Kalshi,7133914
2024-07-29 00:00:00,Limitless,5160.154242636396
2024-07-29 00:00:00,Other,1247812.0201782717
2024-07-29 00:00:00,Polymarket,237099244.66216248
2024-08-05 00:00:00,Crypto.com,501633
2024-08-05 00:00:00,Kalshi,5925308
2024-08-05 00:00:00,Limitless,22019.554613315082
2024-08-05 00:00:00,Other,946804.8082189264
2024-08-05 00:00:00,Polymarket,206402897.1905403
2024-08-12 00:00:00,Crypto.com,435552
2024-08-12 00:00:00,Kalshi,5876714
2024-08-12 00:00:00,Limitless,18059.66255190376
2024-08-12 00:00:00,Other,1595842.274889518
2024-08-12 00:00:00,Polymarket,156230122.26383138
2024-08-19 00:00:00,Crypto.com,448128
2024-08-19 00:00:00,Kalshi,4622923
2024-08-19 00:00:00,Limitless,7311.978564211311
2024-08-19 00:00:00,Other,1458493.0332184439
2024-08-19 00:00:00,Polymarket,229424991.6505708
2024-08-26 00:00:00,Crypto.com,365639
2024-08-26 00:00:00,Kalshi,4086777
2024-08-26 00:00:00,Limitless,327267.7391271633
2024-08-26 00:00:00,Other,1778281.08705647
2024-08-26 00:00:00,Polymarket,170916966.23366097
2024-09-02 00:00:00,Crypto.com,389277
2024-09-02 00:00:00,Kalshi,4359143
2024-09-02 00:00:00,Limitless,1977462.7102118097
2024-09-02 00:00:00,Other,1637955.6553019104
2024-09-02 00:00:00,Polymarket,179169675.66896272
2024-09-09 00:00:00,Crypto.com,414616
2024-09-09 00:00:00,Kalshi,5886476
2024-09-09 00:00:00,Limitless,2335155.1413582987
2024-09-09 00:00:00,Other,2125360.537650115
2024-09-09 00:00:00,Polymarket,198170419.90629658
2024-09-16 00:00:00,Crypto.com,457670
2024-09-16 00:00:00,Kalshi,5760199
2024-09-16 00:00:00,Limitless,2532690.8279240346
2024-09-16 00:00:00,Other,2896676.303012701
2024-09-16 00:00:00,Polymarket,180785074.5757283
2024-09-23 00:00:00,Crypto.com,554996
2024-09-23 00:00:00,Kalshi,4311963
2024-09-23 00:00:00,Limitless,2870382.6948279617
2024-09-23 00:00:00,Other,3111176.9292236436
2024-09-23 00:00:00,Polymarket,246265292.91409832
2024-09-30 00:00:00,Crypto.com,439841
2024-09-30 00:00:00,Kalshi,5290382
2024-09-30 00:00:00,Limitless,4020671.8070582696
2024-09-30 00:00:00,Other,3113115.855708821
2024-09-30 00:00:00,Polymarket,574014825.6289338
2024-10-07 00:00:00,Crypto.com,433982
2024-10-07 00:00:00,Kalshi,13740138
2024-10-07 00:00:00,Limitless,5795659.684217782
2024-10-07 00:00:00,Other,6389307.114904337
2024-10-07 00:00:00,Polymarket,811644357.405094
2024-10-14 00:00:00,Crypto.com,492223
2024-10-14 00:00:00,Kalshi,47437496
2024-10-14 00:00:00,Limitless,6512321.280599535
2024-10-14 00:00:00,Other,9235264.478411037
2024-10-14 00:00:00,Polymarket,890073919.2381443
2024-10-21 00:00:00,Crypto.com,443810
2024-10-21 00:00:00,Kalshi,100976912
2024-10-21 00:00:00,Limitless,5799219.330637826
2024-10-21 00:00:00,Other,14322499.136863962
2024-10-21 00:00:00,Polymarket,1240887102.0802145
2024-10-28 00:00:00,Crypto.com,534566
2024-10-28 00:00:00,Kalshi,238264428
2024-10-28 00:00:00,Limitless,4209235.982108715
2024-10-28 00:00:00,Other,136427012.20551708
2024-10-28 00:00:00,Polymarket,1279464939.043358
2024-11-04 00:00:00,Crypto.com,713810
2024-11-04 00:00:00,Kalshi,749960304
2024-11-04 00:00:00,Limitless,5758600.459899673
2024-11-04 00:00:00,Other,441836326.40692675
2024-11-04 00:00:00,Polymarket,1231419147.1152103
2024-11-11 00:00:00,Crypto.com,1062383
2024-11-11 00:00:00,Kalshi,201070993
2024-11-11 00:00:00,Limitless,6784686.362645226
2024-11-11 00:00:00,Other,23230777.704742104
2024-11-11 00:00:00,Polymarket,728972374.7910813
2024-11-18 00:00:00,Crypto.com,1028973
2024-11-18 00:00:00,Kalshi,127196751
2024-11-18 00:00:00,Limitless,5232326.670673906
2024-11-18 00:00:00,Other,9322021.987109289
2024-11-18 00:00:00,Polymarket,558989131.8217986
2024-11-25 00:00:00,Crypto.com,814341
2024-11-25 00:00:00,Kalshi,73346838
2024-11-25 00:00:00,Limitless,8443532.657871569
2024-11-25 00:00:00,Other,8691271.31889186
2024-11-25 00:00:00,Polymarket,556374763.5437212
2024-12-02 00:00:00,Crypto.com,899710
2024-12-02 00:00:00,Kalshi,79089255
2024-12-02 00:00:00,Limitless,7948239.61620505
2024-12-02 00:00:00,Other,6909634.246601923
2024-12-02 00:00:00,Polymarket,676636808.6240612
2024-12-09 00:00:00,Crypto.com,908909
2024-12-09 00:00:00,Kalshi,52298975
2024-12-09 00:00:00,Limitless,7101258.68310936
2024-12-09 00:00:00,Other,5051974.070174428
2024-12-09 00:00:00,Polymarket,562729649.613293
2024-12-16 00:00:00,Crypto.com,804000
2024-12-16 00:00:00,Kalshi,48998815
2024-12-16 00:00:00,Limitless,6731946.450024274
2024-12-16 00:00:00,Other,4351394.647259925
2024-12-16 00:00:00,Polymarket,773867076.8987242
2024-12-23 00:00:00,Crypto.com,577792
2024-12-23 00:00:00,Kalshi,28069797
2024-12-23 00:00:00,Limitless,8348440.489489225
2024-12-23 00:00:00,Other,3889838.51119657
2024-12-23 00:00:00,Polymarket,881815833.9494522
2024-12-30 00:00:00,Crypto.com,543989
2024-12-30 00:00:00,Kalshi,33972725
2024-12-30 00:00:00,Limitless,7388490.015694687
2024-12-30 00:00:00,Other,4510324.72383399
2024-12-30 00:00:00,Polymarket,854354366.5915502
2025-01-06 00:00:00,Crypto.com,573826
2025-01-06 00:00:00,Kalshi,31503973
2025-01-06 00:00:00,Limitless,9455403.88365212
2025-01-06 00:00:00,Other,4117146.6699790726
2025-01-06 00:00:00,Polymarket,498113289.73989636
2025-01-13 00:00:00,Crypto.com,610536
2025-01-13 00:00:00,Kalshi,36616735
2025-01-13 00:00:00,Limitless,9182170.101618543
2025-01-13 00:00:00,Other,4554850.646304655
2025-01-13 00:00:00,Polymarket,630452073.269653
2025-01-20 00:00:00,Crypto.com,677979
2025-01-20 00:00:00,Kalshi,58757479
2025-01-20 00:00:00,Limitless,7692323.457113355
2025-01-20 00:00:00,Other,4024434.241910754
2025-01-20 00:00:00,Polymarket,666825531.0645243
2025-01-27 00:00:00,Crypto.com,488753
2025-01-27 00:00:00,Kalshi,36696894
2025-01-27 00:00:00,Limitless,9355180.504262483
2025-01-27 00:00:00,Other,4215685.205651365
2025-01-27 00:00:00,Polymarket,422831359.9094315
2025-02-03 00:00:00,Crypto.com,434056
2025-02-03 00:00:00,Kalshi,67969408
2025-02-03 00:00:00,Limitless,6331611.666525123
2025-02-03 00:00:00,Other,3826713.513644468
2025-02-03 00:00:00,Polymarket,294722284.1775026
2025-02-10 00:00:00,Crypto.com,386972
2025-02-10 00:00:00,Kalshi,41557967
2025-02-10 00:00:00,Limitless,9448426.462516602
2025-02-10 00:00:00,Other,3434310.554087616
2025-02-10 00:00:00,Polymarket,409757640.76643395
2025-02-17 00:00:00,Crypto.com,352594
2025-02-17 00:00:00,Kalshi,37735400
2025-02-17 00:00:00,Limitless,8776547.565914255
2025-02-17 00:00:00,Other,3202163.195904874
2025-02-17 00:00:00,Polymarket,451487775.1408475
2025-02-24 00:00:00,Crypto.com,400895
2025-02-24 00:00:00,Kalshi,39080271
2025-02-24 00:00:00,Limitless,10790903.323763575
2025-02-24 00:00:00,Other,3145931.8108033603
2025-02-24 00:00:00,Polymarket,381347162.8763124
2025-03-03 00:00:00,Crypto.com,363850
2025-03-03 00:00:00,Kalshi,42610773
2025-03-03 00:00:00,Limitless,5994279.789821129
2025-03-03 00:00:00,Other,3592044.552066017
2025-03-03 00:00:00,Polymarket,302058879.6471181
2025-03-10 00:00:00,Crypto.com,328559
2025-03-10 00:00:00,Kalshi,32723519
2025-03-10 00:00:00,Limitless,7426107.046675851
2025-03-10 00:00:00,Other,3903820.1793215848
2025-03-10 00:00:00,Polymarket,325659207.9838249
2025-03-17 00:00:00,Crypto.com,292280
2025-03-17 00:00:00,Kalshi,221041956
2025-03-17 00:00:00,Limitless,10886854.525992779
2025-03-17 00:00:00,Other,3381837.4513972197
2025-03-17 00:00:00,Polymarket,303186827.50617117
2025-03-24 00:00:00,Crypto.com,319701
2025-03-24 00:00:00,Kalshi,195231766
2025-03-24 00:00:00,Limitless,9243399.291815955
2025-03-24 00:00:00,Other,3755710.0316215903
2025-03-24 00:00:00,Polymarket,339050017.87611705
2025-03-31 00:00:00,Crypto.com,350376
2025-03-31 00:00:00,Kalshi,131901956
2025-03-31 00:00:00,Limitless,8514734.021601763
2025-03-31 00:00:00,Other,3478873.101296135
2025-03-31 00:00:00,Polymarket,2865235912.887944
2025-04-07 00:00:00,Crypto.com,336728
2025-04-07 00:00:00,Kalshi,154239875
2025-04-07 00:00:00,Limitless,7193314.322147214
2025-04-07 00:00:00,Other,2987317.411669685
2025-04-07 00:00:00,Polymarket,257031832.24054766
2025-04-14 00:00:00,Crypto.com,364833
2025-04-14 00:00:00,Kalshi,55492642
2025-04-14 00:00:00,Limitless,7368675.518949795
2025-04-14 00:00:00,Other,2989687.3385699443
2025-04-14 00:00:00,Polymarket,213951244.0051962
2025-04-21 00:00:00,Crypto.com,361942
2025-04-21 00:00:00,Kalshi,80929265
2025-04-21 00:00:00,Limitless,7230656.131756065
2025-04-21 00:00:00,Other,4739207.2246007435
2025-04-21 00:00:00,Polymarket,324636123.71427006
2025-04-28 00:00:00,Crypto.com,374284
2025-04-28 00:00:00,Kalshi,123600695
2025-04-28 00:00:00,Limitless,5855357.411597112
2025-04-28 00:00:00,Other,3902844.382247422
2025-04-28 00:00:00,Polymarket,399474890.9205555
2025-05-05 00:00:00,Crypto.com,454001
2025-05-05 00:00:00,Kalshi,122461192
2025-05-05 00:00:00,Limitless,5834464.58960321
2025-05-05 00:00:00,Other,5939479.60262139
2025-05-05 00:00:00,Polymarket,356969877.4481152
2025-05-12 00:00:00,Crypto.com,980161
2025-05-12 00:00:00,Kalshi,161897553
2025-05-12 00:00:00,Limitless,6314940.164268264
2025-05-12 00:00:00,Other,5056264.5043992335
2025-05-12 00:00:00,Polymarket,342828235.93483204
2025-05-19 00:00:00,Crypto.com,927808
2025-05-19 00:00:00,Kalshi,161995160
2025-05-19 00:00:00,Limitless,6075863.9572229525
2025-05-19 00:00:00,Other,5391012.025636837
2025-05-19 00:00:00,Polymarket,227257680.17496282
2025-05-26 00:00:00,Crypto.com,796477
2025-05-26 00:00:00,Kalshi,163575380
2025-05-26 00:00:00,Limitless,5040303.139000306
2025-05-26 00:00:00,Other,4184268.514783469
2025-05-26 00:00:00,Polymarket,287089765.7257197
2025-06-02 00:00:00,Crypto.com,707908
2025-06-02 00:00:00,Kalshi,204666302
2025-06-02 00:00:00,Limitless,4359472.106066809
2025-06-02 00:00:00,Other,3875148.465632134
2025-06-02 00:00:00,Polymarket,350361026.77300704
2025-06-09 00:00:00,Crypto.com,826202
2025-06-09 00:00:00,Kalshi,231280855
2025-06-09 00:00:00,Limitless,4484974.1987242
2025-06-09 00:00:00,Other,4717299.117807936
2025-06-09 00:00:00,Polymarket,217339648.68168795
2025-06-16 00:00:00,Crypto.com,650105
2025-06-16 00:00:00,Kalshi,200369690
2025-06-16 00:00:00,Limitless,4732184.9610593645
2025-06-16 00:00:00,Other,3897581.0506608877
2025-06-16 00:00:00,Polymarket,313910847.1985545
2025-06-23 00:00:00,Crypto.com,629145
2025-06-23 00:00:00,Kalshi,116565402
2025-06-23 00:00:00,Limitless,4301619.583079859
2025-06-23 00:00:00,Other,4134970.1051163506
2025-06-23 00:00:00,Polymarket,327085560.9138705
2025-06-30 00:00:00,Crypto.com,781231
2025-06-30 00:00:00,Kalshi,137833853
2025-06-30 00:00:00,Limitless,3178546.9997424986
2025-06-30 00:00:00,Other,5594042.0157769285
2025-06-30 00:00:00,Polymarket,368968152.2129606
2025-07-07 00:00:00,Crypto.com,903480
2025-07-07 00:00:00,Kalshi,209883512
2025-07-07 00:00:00,Limitless,2476415.71454814
2025-07-07 00:00:00,Other,4400442.066907206
2025-07-07 00:00:00,Polymarket,314020238.38233393
2025-07-14 00:00:00,Crypto.com,771873
2025-07-14 00:00:00,Kalshi,170917219
2025-07-14 00:00:00,Limitless,1057177.595450141
2025-07-14 00:00:00,Other,3873645.919976702
2025-07-14 00:00:00,Polymarket,221243266.572186
2025-07-21 00:00:00,Crypto.com,915840
2025-07-21 00:00:00,Kalshi,156842629
2025-07-21 00:00:00,Limitless,871830.4502279242
2025-07-21 00:00:00,Other,5074991.354539377
2025-07-21 00:00:00,Polymarket,240655290.19086698
2025-07-28 00:00:00,Crypto.com,739669
2025-07-28 00:00:00,Kalshi,143028757
2025-07-28 00:00:00,Limitless,1087384.32582581
2025-07-28 00:00:00,Other,5196914.435681974
2025-07-28 00:00:00,Polymarket,280321023.2247133
2025-08-04 00:00:00,Crypto.com,2131057
2025-08-04 00:00:00,Kalshi,151025682
2025-08-04 00:00:00,Limitless,1173362.4301049993
2025-08-04 00:00:00,Other,5424955.823662448
2025-08-04 00:00:00,Polymarket,212809721.82836992
2025-08-11 00:00:00,Crypto.com,2690112
2025-08-11 00:00:00,Kalshi,178682902
2025-08-11 00:00:00,Limitless,1085576.5298886693
2025-08-11 00:00:00,Other,6562706.243883893
2025-08-11 00:00:00,Polymarket,256005733.4759509
2025-08-18 00:00:00,Crypto.com,3683025
2025-08-18 00:00:00,Kalshi,186954990
2025-08-18 00:00:00,Limitless,1265610.409781022
2025-08-18 00:00:00,Other,7020669.612614706
2025-08-18 00:00:00,Polymarket,269801312.6114321
2025-08-25 00:00:00,Crypto.com,4902778
2025-08-25 00:00:00,Kalshi,296524006
2025-08-25 00:00:00,Limitless,1722531.986082757
2025-08-25 00:00:00,Other,9392010.686156243
2025-08-25 00:00:00,Polymarket,265462210.66421443
2025-09-01 00:00:00,Crypto.com,11762954
2025-09-01 00:00:00,Kalshi,561240881
2025-09-01 00:00:00,Limitless,2945679.517784236
2025-09-01 00:00:00,Other,8195225.04047679
2025-09-01 00:00:00,Polymarket,323236255.8322348
2025-09-08 00:00:00,Crypto.com,19593071
2025-09-08 00:00:00,Kalshi,561997258
2025-09-08 00:00:00,Limitless,8696471.874666087
2025-09-08 00:00:00,Other,10195906.2895778
2025-09-08 00:00:00,Polymarket,334096492.3303622
2025-09-15 00:00:00,Crypto.com,32973311
2025-09-15 00:00:00,Kalshi,728159125
2025-09-15 00:00:00,Limitless,56052701.44233136
2025-09-15 00:00:00,Other,11340648.575940158
2025-09-15 00:00:00,Polymarket,456286319.3108368
2025-09-22 00:00:00,Crypto.com,39119394
2025-09-22 00:00:00,Kalshi,854693155
2025-09-22 00:00:00,Limitless,34854043.524917565
2025-09-22 00:00:00,Other,10692257.756309446
2025-09-22 00:00:00,Polymarket,405625620.10440564
2025-09-29 00:00:00,Crypto.com,43096136
2025-09-29 00:00:00,Kalshi,956329864
2025-09-29 00:00:00,Limitless,35409660.45452082
2025-09-29 00:00:00,Other,15538772.776883256
2025-09-29 00:00:00,Polymarket,464562065.33059627
2025-10-06 00:00:00,Crypto.com,38835113
2025-10-06 00:00:00,Kalshi,909045920
2025-10-06 00:00:00,Limitless,47620635.04431564
2025-10-06 00:00:00,Other,17944041.68033929
2025-10-06 00:00:00,Polymarket,841480842.611436
2025-10-13 00:00:00,Crypto.com,49712562
2025-10-13 00:00:00,Kalshi,950388814
2025-10-13 00:00:00,Limitless,24973488.38847461
2025-10-13 00:00:00,Other,18255668.178157248
2025-10-13 00:00:00,Polymarket,1062828449.5783025
2025-10-20 00:00:00,Crypto.com,60696799
2025-10-20 00:00:00,Kalshi,1081279586
2025-10-20 00:00:00,Limitless,12873519.481914317
2025-10-20 00:00:00,Opinion,195246563.25312912
2025-10-20 00:00:00,Other,17165117.707168587
2025-10-20 00:00:00,Polymarket,1057734146.879933
2025-10-27 00:00:00,Crypto.com,66273451
2025-10-27 00:00:00,Kalshi,1260877078
2025-10-27 00:00:00,Limitless,19178211.679750692
2025-10-27 00:00:00,Opinion,748784709.4698746
2025-10-27 00:00:00,Other,51712146.89997101
2025-10-27 00:00:00,Polymarket,1107382200.9502778
2025-10-27 00:00:00,Polymarket (US),9393
2025-11-03 00:00:00,Crypto.com,60274212
2025-11-03 00:00:00,Kalshi,1304733534
2025-11-03 00:00:00,Limitless,17277709.885751322
2025-11-03 00:00:00,Opinion,665970582.2967083
2025-11-03 00:00:00,Other,50046053.400878474
2025-11-03 00:00:00,Polymarket,1001788838.1698275
2025-11-03 00:00:00,Polymarket (US),18982
2025-11-10 00:00:00,Crypto.com,62625555
2025-11-10 00:00:00,Kalshi,1240160888
2025-11-10 00:00:00,Limitless,14366324.75660917
2025-11-10 00:00:00,Opinion,1461474888.5633256
2025-11-10 00:00:00,Other,29797035.72113394
2025-11-10 00:00:00,Polymarket,952488910.3862706
2025-11-10 00:00:00,Polymarket (US),579558
2025-11-17 00:00:00,Crypto.com,66597929
2025-11-17 00:00:00,Kalshi,1144695344
2025-11-17 00:00:00,Limitless,19430891.456989326
2025-11-17 00:00:00,Opinion,818304761.3608198
2025-11-17 00:00:00,Other,37940211.01568555
2025-11-17 00:00:00,Polymarket,986575712.049724
2025-11-17 00:00:00,Polymarket (US),630059
2025-11-24 00:00:00,Crypto.com,97079065
2025-11-24 00:00:00,Kalshi,1517848070
2025-11-24 00:00:00,Limitless,47074801.71651386
2025-11-24 00:00:00,Opinion,1096986205.5136547
2025-11-24 00:00:00,Other,90635309.76990798
2025-11-24 00:00:00,Polymarket,1083925659.0769434
2025-11-24 00:00:00,Polymarket (US),1221066
2025-11-24 00:00:00,Predict,138.08659999999992
2025-12-01 00:00:00,Crypto.com,78964896
2025-12-01 00:00:00,Kalshi,1295551558
2025-12-01 00:00:00,Limitless,24639619.764375277
2025-12-01 00:00:00,Opinion,1350735566.2521057
2025-12-01 00:00:00,Other,38099183.19017644
2025-12-01 00:00:00,Polymarket,1292615925.1800253
2025-12-01 00:00:00,Polymarket (US),7384688
2025-12-01 00:00:00,Predict,287.7904999999999
2025-12-08 00:00:00,Crypto.com,68656644
2025-12-08 00:00:00,Kalshi,1238043245
2025-12-08 00:00:00,Limitless,38323205.77246554
2025-12-08 00:00:00,Opinion,1533712491.0087554
2025-12-08 00:00:00,Other,63355596.88743233
2025-12-08 00:00:00,Polymarket,1152289097.6818218
2025-12-08 00:00:00,Polymarket (US),6976854
2025-12-08 00:00:00,Predict,463734.1707489992
2025-12-15 00:00:00,Crypto.com,91184170
2025-12-15 00:00:00,Kalshi,1616073670
2025-12-15 00:00:00,Limitless,12304493.54563757
2025-12-15 00:00:00,Opinion,1436121697.1350672
2025-12-15 00:00:00,Other,46390486.21685149
2025-12-15 00:00:00,Polymarket,1190031941.4950418
2025-12-15 00:00:00,Polymarket (US),21475050
2025-12-15 00:00:00,Predict,37298649.42175001
2025-12-22 00:00:00,Crypto.com,92484182
2025-12-22 00:00:00,Kalshi,1707747150
2025-12-22 00:00:00,Limitless,39036916.2082897
2025-12-22 00:00:00,Opinion,1639791769.0113554
2025-12-22 00:00:00,Other,95084723.21721539
2025-12-22 00:00:00,Polymarket,1094963942.8246999
2025-12-22 00:00:00,Polymarket (US),32223041
2025-12-22 00:00:00,Predict,57043059.26464415
2025-12-29 00:00:00,Crypto.com,101313821
2025-12-29 00:00:00,Kalshi,1978665806
2025-12-29 00:00:00,Limitless,19604130.95367704
2025-12-29 00:00:00,Opinion,1809464856.478228
2025-12-29 00:00:00,Other,83162416.608294
2025-12-29 00:00:00,Polymarket,1445093135.868077
2025-12-29 00:00:00,Polymarket (US),43645831
2025-12-29 00:00:00,Predict,71754844.20616418
2026-01-05 00:00:00,Crypto.com,94983487
2026-01-05 00:00:00,Kalshi,2012006557
2026-01-05 00:00:00,Limitless,15208086.990116864
2026-01-05 00:00:00,Opinion,1597197927.674583
2026-01-05 00:00:00,Other,51671909.3376027
2026-01-05 00:00:00,Polymarket,1503807691.8506842
2026-01-05 00:00:00,Polymarket (US),60803748
2026-01-05 00:00:00,Predict,108892161.14656898
2026-01-12 00:00:00,Crypto.com,102259213
2026-01-12 00:00:00,Kalshi,2153060916
2026-01-12 00:00:00,Limitless,21778697.11114311
2026-01-12 00:00:00,Opinion,1941759497.2864404
2026-01-12 00:00:00,Other,58519229.80581054
2026-01-12 00:00:00,Polymarket,1758081904.7906446
2026-01-12 00:00:00,Polymarket (US),68712257
2026-01-12 00:00:00,Predict,113624631.22587493
2026-01-19 00:00:00,Crypto.com,107740393
2026-01-19 00:00:00,Kalshi,2257916803
2026-01-19 00:00:00,Limitless,60125004.32705005
2026-01-19 00:00:00,Opinion,1950364860.0184464
2026-01-19 00:00:00,Other,45435913.92628622
2026-01-19 00:00:00,Polymarket,1756113805.1679778
2026-01-19 00:00:00,Polymarket (US),67426284
2026-01-19 00:00:00,Predict,143956072.9263241
2026-01-26 00:00:00,Crypto.com,100003215
2026-01-26 00:00:00,Kalshi,2195101449
2026-01-26 00:00:00,Limitless,105693659.07948941
2026-01-26 00:00:00,Opinion,1743534068.7827604
2026-01-26 00:00:00,Other,43327364.0469552
2026-01-26 00:00:00,Polymarket,2082838477.861911
2026-01-26 00:00:00,Polymarket (US),71180708
2026-01-26 00:00:00,Predict,173909542.17394218
2026-02-02 00:00:00,Crypto.com,105000714
2026-02-02 00:00:00,Kalshi,2488710517
2026-02-02 00:00:00,Limitless,69319467.71498086
2026-02-02 00:00:00,Opinion,1241538464.6569018
2026-02-02 00:00:00,Other,51070111.59028684
2026-02-02 00:00:00,Polymarket,1915385557.7261927
2026-02-02 00:00:00,Polymarket (US),59793672
2026-02-02 00:00:00,Predict,215702338.50911337
2026-02-09 00:00:00,Crypto.com,91841926
2026-02-09 00:00:00,Kalshi,2428160059
2026-02-09 00:00:00,Limitless,109535810.09246868
2026-02-09 00:00:00,Opinion,709734366.3693968
2026-02-09 00:00:00,Other,74974045.00683767
2026-02-09 00:00:00,Polymarket,1879642300.6053119
2026-02-09 00:00:00,Polymarket (US),64185566
2026-02-09 00:00:00,Predict,184657659.3811265
2026-02-16 00:00:00,Crypto.com,98510981
2026-02-16 00:00:00,Kalshi,2591966148
2026-02-16 00:00:00,Limitless,101652399.62489009
2026-02-16 00:00:00,Opinion,603822995.0581287
2026-02-16 00:00:00,Other,70094316.22315276
2026-02-16 00:00:00,Polymarket,1819961193.7636583
2026-02-16 00:00:00,Polymarket (US),61929705
2026-02-16 00:00:00,Predict,220322626.46866593
2026-02-23 00:00:00,Crypto.com,106630121
2026-02-23 00:00:00,Kalshi,2384587100
2026-02-23 00:00:00,Limitless,102306377.08691469
2026-02-23 00:00:00,Opinion,362523973.00653917
2026-02-23 00:00:00,Other,61003904.12516202
2026-02-23 00:00:00,Polymarket,2400246464.277964
2026-02-23 00:00:00,Polymarket (US),85703216
2026-02-23 00:00:00,Predict,173224907.39205107
2026-03-02 00:00:00,Crypto.com,122578131
2026-03-02 00:00:00,Kalshi,2858054889
2026-03-02 00:00:00,Limitless,145376975.4049122
2026-03-02 00:00:00,Opinion,155808967.6761083
2026-03-02 00:00:00,Other,62762256.86711917
2026-03-02 00:00:00,Polymarket,2496400573.622876
2026-03-02 00:00:00,Polymarket (US),78696439
2026-03-02 00:00:00,Predict,77172082.29922742
2026-03-09 00:00:00,Crypto.com,156098896
2026-03-09 00:00:00,Kalshi,2934749298.45
2026-03-09 00:00:00,Limitless,144854329.57229525
2026-03-09 00:00:00,Opinion,77913644.29734856
2026-03-09 00:00:00,Other,61651178.882106215
2026-03-09 00:00:00,Polymarket,2344271508.3472815
2026-03-09 00:00:00,Polymarket (US),80278626
2026-03-09 00:00:00,Predict,91150034.902805
2026-03-16 00:00:00,Crypto.com,158659194
2026-03-16 00:00:00,Kalshi,3396267409.02
2026-03-16 00:00:00,Limitless,109619741.30699754
2026-03-16 00:00:00,Opinion,128536292.51942717
2026-03-16 00:00:00,Other,31116036.548693184
2026-03-16 00:00:00,Polymarket,2544656858.7323236
2026-03-16 00:00:00,Polymarket (US),230924745
2026-03-16 00:00:00,Predict,60329824.39864
2026-03-23 00:00:00,Crypto.com,137361144
2026-03-23 00:00:00,Kalshi,2730288323.290001
2026-03-23 00:00:00,Limitless,107032543.10986182
2026-03-23 00:00:00,Opinion,75980153.60704845
2026-03-23 00:00:00,Other,20878207.488386758
2026-03-23 00:00:00,Polymarket,2241717048.8370466
2026-03-23 00:00:00,Polymarket (US),242999481
2026-03-23 00:00:00,Predict,52753024.384375155
2026-03-30 00:00:00,Crypto.com,140708175
2026-03-30 00:00:00,Kalshi,2904985316.8400016
2026-03-30 00:00:00,Limitless,73499026.12731978
2026-03-30 00:00:00,Opinion,80871193.73131894
2026-03-30 00:00:00,Other,17775548.940026954
2026-03-30 00:00:00,Polymarket,1972588373.970309
2026-03-30 00:00:00,Polymarket (US),207591413
2026-03-30 00:00:00,Predict,59850579.56052178
2026-04-06 00:00:00,Crypto.com,170861435
2026-04-06 00:00:00,Kalshi,3539299988.58
2026-04-06 00:00:00,Limitless,286327814.6958548
2026-04-06 00:00:00,Opinion,118182409.97049825
2026-04-06 00:00:00,Other,22028553.06314011
2026-04-06 00:00:00,Polymarket,2475772644.0862827
2026-04-06 00:00:00,Polymarket (US),483722846
2026-04-06 00:00:00,Predict,117183432.27160063
2026-04-13 00:00:00,Crypto.com,148255665
2026-04-13 00:00:00,Kalshi,3059030025.7499766
2026-04-13 00:00:00,Limitless,643961911.8537322
2026-04-13 00:00:00,Opinion,215609297.96332613
2026-04-13 00:00:00,Other,21480299.37743043
2026-04-13 00:00:00,Polymarket,2041883298.1762676
2026-04-13 00:00:00,Polymarket (US),201076112
2026-04-13 00:00:00,Predict,701973832.1836505
2026-04-20 00:00:00,Crypto.com,182327350
2026-04-20 00:00:00,Kalshi,3907046469.549981
2026-04-20 00:00:00,Limitless,397331597.108269
2026-04-20 00:00:00,Opinion,221492867.7225844
2026-04-20 00:00:00,Other,14955754.798996452
2026-04-20 00:00:00,Polymarket,1961724698.1074972
2026-04-20 00:00:00,Polymarket (US),254816161
2026-04-20 00:00:00,Predict,444802899.90210176
2026-04-27 00:00:00,Crypto.com,165933791
2026-04-27 00:00:00,Hyperliquid,6621696
2026-04-27 00:00:00,Kalshi,3809209066.7499895
2026-04-27 00:00:00,Limitless,496965140.70204264
2026-04-27 00:00:00,Opinion,224055222.457434
2026-04-27 00:00:00,Other,12027125.140228506
2026-04-27 00:00:00,Polymarket,1710480188.7955701
2026-04-27 00:00:00,Polymarket (US),303328348
2026-04-27 00:00:00,Predict,303918019.4915848
2026-05-04 00:00:00,Crypto.com,161267757
2026-05-04 00:00:00,Hyperliquid,23986136
2026-05-04 00:00:00,Kalshi,4133679757.789968
2026-05-04 00:00:00,Limitless,600444500.1509545
2026-05-04 00:00:00,Opinion,206972199.7148455
2026-05-04 00:00:00,Other,13910185.91991135
2026-05-04 00:00:00,Polymarket,1604868783.9813805
2026-05-04 00:00:00,Polymarket (US),332332932
2026-05-04 00:00:00,Predict,232429708.15639848
2026-05-11 00:00:00,Crypto.com,156484690
2026-05-11 00:00:00,Hyperliquid,22011118
2026-05-11 00:00:00,Kalshi,3860406690.459985
2026-05-11 00:00:00,Limitless,345924499.1382801
2026-05-11 00:00:00,Opinion,158727130.79451102
2026-05-11 00:00:00,Other,10915953.816408787
2026-05-11 00:00:00,Polymarket,1578244532.6891804
2026-05-11 00:00:00,Polymarket (US),418158333
2026-05-11 00:00:00,Predict,300799761.22046405
2026-05-18 00:00:00,Crypto.com,152685658
2026-05-18 00:00:00,Hyperliquid,20110551
2026-05-18 00:00:00,Kalshi,4029442457.360073
2026-05-18 00:00:00,Limitless,186690806.1264945
2026-05-18 00:00:00,Opinion,165949685.72120795
2026-05-18 00:00:00,Other,10574298.843825102
2026-05-18 00:00:00,Polymarket,1640677853.5544538
2026-05-18 00:00:00,Polymarket (US),448014724
2026-05-18 00:00:00,Predict,342770731.7583195
2026-05-25 00:00:00,Crypto.com,180077029
2026-05-25 00:00:00,Hyperliquid,19647832
2026-05-25 00:00:00,Kalshi,4200561895.740075
2026-05-25 00:00:00,Limitless,356035389.175865
2026-05-25 00:00:00,Opinion,127616227.48148929
2026-05-25 00:00:00,Other,9432278.17511293
2026-05-25 00:00:00,Polymarket,1668416711.3287463
2026-05-25 00:00:00,Polymarket (US),439334517
2026-05-25 00:00:00,Predict,151319887.4364696
2026-06-01 00:00:00,Crypto.com,134793921
2026-06-01 00:00:00,Hyperliquid,22591502
2026-06-01 00:00:00,Kalshi,4457652227.030068
2026-06-01 00:00:00,Limitless,261002836.93758246
2026-06-01 00:00:00,Opinion,155357553.25627467
2026-06-01 00:00:00,Other,10114021.04476771
2026-06-01 00:00:00,Polymarket,1909567297.1354182
2026-06-01 00:00:00,Polymarket (US),498761316
2026-06-01 00:00:00,Predict,46269097.82640679
2026-06-08 00:00:00,Crypto.com,173976786
2026-06-08 00:00:00,Hyperliquid,31820455
2026-06-08 00:00:00,Kalshi,6380139414.659032
2026-06-08 00:00:00,Limitless,112767508.80161028
2026-06-08 00:00:00,Opinion,155983510.99582133
2026-06-08 00:00:00,Other,10166025.068040194
2026-06-08 00:00:00,Polymarket,2334645294.189545
2026-06-08 00:00:00,Polymarket (US),688820912
2026-06-08 00:00:00,Predict,104564583.21229437
2026-06-15 00:00:00,Crypto.com,269448047
2026-06-15 00:00:00,Hyperliquid,39415161
2026-06-15 00:00:00,Kalshi,8986959881.638622
2026-06-15 00:00:00,Limitless,134474843.4815681
2026-06-15 00:00:00,Opinion,204186416.68079433
2026-06-15 00:00:00,Other,35704035.24707309
2026-06-15 00:00:00,Polymarket,2935947795.337724
2026-06-15 00:00:00,Polymarket (US),1186632612
2026-06-15 00:00:00,Predict,183522338.39883232
2026-06-22 00:00:00,Crypto.com,290287816
2026-06-22 00:00:00,Hyperliquid,80670400
2026-06-22 00:00:00,Kalshi,10255287025.02817
2026-06-22 00:00:00,Limitless,54529655.99140828
2026-06-22 00:00:00,Opinion,186530743.97504634
2026-06-22 00:00:00,Other,39772639.01027712
2026-06-22 00:00:00,Polymarket,2674557473.817704
2026-06-22 00:00:00,Polymarket (US),1154247492
2026-06-22 00:00:00,Predict,163794356.1255832
2026-06-29 00:00:00,Crypto.com,321437981
2026-06-29 00:00:00,Hyperliquid,2102449
2026-06-29 00:00:00,Kalshi,11111731425.168037
2026-06-29 00:00:00,Limitless,85548952.29536423
2026-06-29 00:00:00,Opinion,189674672.13599584
2026-06-29 00:00:00,Other,8421985.154792566
2026-06-29 00:00:00,Polymarket,2900546250.6501117
2026-06-29 00:00:00,Polymarket (US),1263203368
2026-06-29 00:00:00,Predict,230386530.17320698
2026-07-06 00:00:00,Crypto.com,122986762
2026-07-06 00:00:00,Kalshi,3114566520.9196696
2026-07-06 00:00:00,Limitless,22372929.259854075
2026-07-06 00:00:00,Opinion,93252097.35198231
2026-07-06 00:00:00,Other,2268355.0507459138
2026-07-06 00:00:00,Polymarket,1059770630.7782774
2026-07-06 00:00:00,Polymarket (US),325353994
2026-07-06 00:00:00,Predict,89799189.95395264
